{
  "status": "ok (optimal)",
  "solver": "ipopt",
  "objective_value": 0.059864825036357046,
  "solve_time": 0.3058936595916748,
  "areas": {
    "Farm1_Wheat": 10.507793195300613,
    "Farm1_Corn": 1.6122274749348517,
    "Farm1_Rice": 1.612227474934852,
    "Farm1_Soybeans": 41.3332013228181,
    "Farm1_Potatoes": 1.6122274749348517,
    "Farm1_Apples": 18.322306781354747,
    "Farm2_Wheat": 14.010394333281429,
    "Farm2_Corn": 2.149607644717984,
    "Farm2_Rice": 2.1496076447179844,
    "Farm2_Soybeans": 55.11100438330977,
    "Farm2_Potatoes": 2.149607644717984,
    "Farm2_Apples": 24.429759960500924,
    "Farm3_Wheat": 7.005184763936034,
    "Farm3_Corn": 1.0748610310852302,
    "Farm3_Rice": 1.0748610310852298,
    "Farm3_Soybeans": 27.555375884287294,
    "Farm3_Potatoes": 1.0748610310852305,
    "Farm3_Apples": 12.214842581268922
  },
  "selections": {
    "Farm1_Wheat": 0.6362222031216324,
    "Farm1_Corn": 0.6136168477238688,
    "Farm1_Rice": 0.6136168477238684,
    "Farm1_Soybeans": 0.7333945748731092,
    "Farm1_Potatoes": 0.6136168477238686,
    "Farm1_Apples": 0.6457920606811375,
    "Farm2_Wheat": 0.6252915872506296,
    "Farm2_Corn": 0.59746800178614,
    "Farm2_Rice": 0.5974680017861398,
    "Farm2_Soybeans": 0.7217273683089107,
    "Farm2_Potatoes": 0.5974680017861401,
    "Farm2_Apples": 0.6365055423085868,
    "Farm3_Wheat": 0.6575828590827648,
    "Farm3_Corn": 0.6389556263198867,
    "Farm3_Rice": 0.6389556263198868,
    "Farm3_Soybeans": 0.7603046551432483,
    "Farm3_Potatoes": 0.638955626319887,
    "Farm3_Apples": 0.6695107781228034
  }
}