{
  "pulp": {
    "status": "Optimal",
    "objective_value": 0.32500000000000007,
    "solve_time": 0.0950620174407959,
    "iterations": 2,
    "convergence_history": [
      {
        "iteration": 0,
        "lambda": 0.32500000000000007,
        "f_x": 73.12500000000001,
        "g_x": 225.0,
        "residual": 73.12500000000001,
        "objective_ratio": 0.32500000000000007
      },
      {
        "iteration": 1,
        "lambda": 0.32500000000000007,
        "f_x": 73.12500000000001,
        "g_x": 225.0,
        "residual": 0.0,
        "objective_ratio": 0.32500000000000007
      }
    ],
    "areas": {
      "Farm1_Wheat": 0.0,
      "Farm1_Corn": 0.0,
      "Farm1_Rice": 0.0,
      "Farm1_Soybeans": 75.0,
      "Farm1_Potatoes": 0.0,
      "Farm1_Apples": 0.0,
      "Farm2_Wheat": 0.0,
      "Farm2_Corn": 0.0,
      "Farm2_Rice": 0.0,
      "Farm2_Soybeans": 100.0,
      "Farm2_Potatoes": 0.0,
      "Farm2_Apples": 0.0,
      "Farm3_Wheat": 0.0,
      "Farm3_Corn": 0.0,
      "Farm3_Rice": 0.0,
      "Farm3_Soybeans": 50.0,
      "Farm3_Potatoes": 0.0,
      "Farm3_Apples": 0.0
    },
    "selections": {
      "Farm1_Wheat": 1.0,
      "Farm1_Corn": 1.0,
      "Farm1_Rice": 1.0,
      "Farm1_Soybeans": 1.0,
      "Farm1_Potatoes": 1.0,
      "Farm1_Apples": 1.0,
      "Farm2_Wheat": 1.0,
      "Farm2_Corn": 1.0,
      "Farm2_Rice": 1.0,
      "Farm2_Soybeans": 1.0,
      "Farm2_Potatoes": 1.0,
      "Farm2_Apples": 1.0,
      "Farm3_Wheat": 1.0,
      "Farm3_Corn": 1.0,
      "Farm3_Rice": 1.0,
      "Farm3_Soybeans": 1.0,
      "Farm3_Potatoes": 1.0,
      "Farm3_Apples": 1.0
    },
    "total_time": 0.09509754180908203
  },
  "pyomo": {
    "status": "Optimal",
    "solver": "ipopt",
    "objective_value": 0.32475000044136393,
    "solve_time": 0.6794779300689697,
    "areas": {
      "Farm1_Wheat": 0.020473008845126053,
      "Farm1_Corn": 0.012552806717952083,
      "Farm1_Rice": 0.01255280671795205,
      "Farm1_Soybeans": 56.577127148199885,
      "Farm1_Potatoes": 0.012552806717952086,
      "Farm1_Apples": 0.028758516354009764,
      "Farm2_Wheat": 0.02182870454620136,
      "Farm2_Corn": 0.012817659979505102,
      "Farm2_Rice": 0.012817659979505097,
      "Farm2_Soybeans": 81.79929977997705,
      "Farm2_Potatoes": 0.012817659979505097,
      "Farm2_Apples": 0.03393440335686167,
      "Farm3_Wheat": 0.017042555661485166,
      "Farm3_Corn": 0.012471169248834978,
      "Farm3_Rice": 0.012471169248834764,
      "Farm3_Soybeans": 35.596964690977906,
      "Farm3_Potatoes": 0.012471169248834763,
      "Farm3_Apples": -9.993197713775714e-09
    },
    "selections": {
      "Farm1_Wheat": 0.524511850486795,
      "Farm1_Corn": 0.5280665452248018,
      "Farm1_Rice": 0.5280665452248025,
      "Farm1_Soybeans": 0.835261734154545,
      "Farm1_Potatoes": 0.5280665452248023,
      "Farm1_Apples": 0.5228243649462758,
      "Farm2_Wheat": 0.49223332648248785,
      "Farm2_Corn": 0.4969477453147942,
      "Farm2_Rice": 0.4969477453147942,
      "Farm2_Soybeans": 0.8579857113501442,
      "Farm2_Potatoes": 0.49694774531479324,
      "Farm2_Apples": 0.4903197442196068,
      "Farm3_Wheat": 0.580536748026711,
      "Farm3_Corn": 0.5821681985381403,
      "Farm3_Rice": 0.5821681985381405,
      "Farm3_Soybeans": 0.8263687300290138,
      "Farm3_Potatoes": 0.5821681985381401,
      "Farm3_Apples": 0.5794058511999178
    },
    "total_time": 1.7293062210083008
  }
}