{
  "status": "Optimal",
  "objective_value": 0.15833333333333333,
  "solve_time": 2.9633359909057617,
  "qpu_access_time": 0.110864,
  "bqm_conversion_time": 0.002191781997680664,
  "num_samples": 1,
  "formulation": "BQUBO (binary only)"
}